<?xml version="1.0" encoding="UTF-8"?>
<suite name="MIBL" verbose="1">
    <parameter name="Browser" value="firefox"/>
    <parameter name="appURL" value="https://www.mibinsure.com/NewHome"></parameter>
    <!--<parameter name="emailID" value="roopal.patel@radixweb.com"></parameter>
    <parameter name="password" value="Admin@123"></parameter>-->
    <test name="MIBLProject" preserve-order="true">
        <classes>
            <class name="MIBL.Test.GetQuickQuote_Test"/>
            <methods>
                <include name="QuickQuote"></include>
            </methods>

        </classes>
    </test>
</suite>