<?xml version="1.0" encoding="UTF-8"?>
<suite name="MIBL" verbose="1" parallel="classes" thread-count="2">
    <parameter name="browserName" value="chrome"/>
    <parameter name="localDriverPath" value="D:\AutomationDriver\chromedriver78.exe"/>
    <parameter name="url" value="https://v2.mibinsure.com/NewHome"/>
<!--    <test name="TwoWheelerTest" preserve-order="true">
        <classes>
            <class name="QuickQuote_TwoWheelerTest.GetQuickQuote_TwoWheelerTest">
                <methods>
                    <include name="QuickQuoteTwoWheeler"/>
                </methods>
            </class>
        </classes>
    </test>-->
    <test name="FourWheelerTest" preserve-order="true">
        <classes>
            <class name="QuickQuote_FourWheelerTest.GetQuickQuote_FourWheelerTest">
                <methods>
                    <include name="QuickQuoteFourWheeler"/>
                </methods>
            </class>
        </classes>
    </test>
</suite>